old_id,new_id,old_filename,new_filename
2,1,2.txt,1.txt
3,2,3.txt,2.txt
4,3,4.txt,3.txt
5,4,5.txt,4.txt
7,5,7.txt,5.txt
8,6,8.txt,6.txt
9,7,9.txt,7.txt
10,8,10.txt,8.txt
11,9,11.txt,9.txt
12,10,12.txt,10.txt
13,11,13.txt,11.txt
14,12,14.txt,12.txt
15,13,15.txt,13.txt
16,14,16.txt,14.txt
17,15,17.txt,15.txt
18,16,18.txt,16.txt
19,17,19.txt,17.txt
20,18,20.txt,18.txt
21,19,21.txt,19.txt
22,20,22.txt,20.txt
23,21,23.txt,21.txt
24,22,24.txt,22.txt
25,23,25.txt,23.txt
26,24,26.txt,24.txt
28,25,28.txt,25.txt
40,26,40.txt,26.txt
41,27,41.txt,27.txt
42,28,42.txt,28.txt
43,29,43.txt,29.txt
44,30,44.txt,30.txt
45,31,45.txt,31.txt
46,32,46.txt,32.txt
47,33,47.txt,33.txt
48,34,48.txt,34.txt
49,35,49.txt,35.txt
50,36,50.txt,36.txt
51,37,51.txt,37.txt
52,38,52.txt,38.txt
53,39,53.txt,39.txt
54,40,54.txt,40.txt
55,41,55.txt,41.txt
56,42,56.txt,42.txt
57,43,57.txt,43.txt
58,44,58.txt,44.txt
59,45,59.txt,45.txt
81,46,81.txt,46.txt
82,47,82.txt,47.txt
83,48,83.txt,48.txt
84,49,84.txt,49.txt
85,50,85.txt,50.txt
86,51,86.txt,51.txt
120,52,120.txt,52.txt
121,53,121.txt,53.txt
122,54,122.txt,54.txt
130,55,130.txt,55.txt
131,56,131.txt,56.txt
140,57,140.txt,57.txt
141,58,141.txt,58.txt
142,59,142.txt,59.txt
143,60,143.txt,60.txt
144,61,144.txt,61.txt
145,62,145.txt,62.txt
146,63,146.txt,63.txt
147,64,147.txt,64.txt
148,65,148.txt,65.txt
149,66,149.txt,66.txt
150,67,151.txt,67.txt
151,68,150.txt,68.txt
161,69,161.txt,69.txt
162,70,162.txt,70.txt
163,71,163.txt,71.txt
164,72,164.txt,72.txt
165,73,165.txt,73.txt
191,74,191.txt,74.txt
192,75,192.txt,75.txt
193,76,193.txt,76.txt
194,77,194.txt,77.txt
195,78,195.txt,78.txt
196,79,196.txt,79.txt
197,80,197.txt,80.txt
200,81,200.txt,81.txt
201,82,201.txt,82.txt
202,83,202.txt,83.txt
203,84,203.txt,84.txt
204,85,204.txt,85.txt
205,86,205.txt,86.txt
206,87,206.txt,87.txt
207,88,207.txt,88.txt
208,89,208.txt,89.txt
209,90,209.txt,90.txt
240,91,240.txt,91.txt
241,92,241.txt,92.txt
242,93,242.txt,93.txt
243,94,243.txt,94.txt
244,95,244.txt,95.txt
400,96,400.txt,96.txt
401,97,401.txt,97.txt
402,98,402.txt,98.txt
403,99,403.txt,99.txt
1001,100,1001.txt,100.txt
1002,101,1002.txt,101.txt
1003,102,1003.txt,102.txt
1004,103,1004.txt,103.txt
1005,104,1005.txt,104.txt
1006,105,1006.txt,105.txt
1007,106,1007.txt,106.txt
1008,107,1008.txt,107.txt
1009,108,1009.txt,108.txt
1010,109,1010.txt,109.txt
1011,110,1011.txt,110.txt
1012,111,1012.txt,111.txt
1013,112,1013.txt,112.txt
1014,113,1014.txt,113.txt
3001,114,3001.txt,114.txt
3002,115,3002.txt,115.txt
3003,116,3003.txt,116.txt
3004,117,3004.txt,117.txt
3005,118,3005.txt,118.txt
3006,119,3006.txt,119.txt
3007,120,3007.txt,120.txt
3008,121,3008.txt,121.txt
3009,122,3009.txt,122.txt
3010,123,3010.txt,123.txt
3011,124,3011.txt,124.txt
3012,125,3012.txt,125.txt
6000,126,6000.txt,126.txt
6001,127,6001.txt,127.txt
6002,128,6002.txt,128.txt
6003,129,6003.txt,129.txt
6004,130,6004.txt,130.txt
6005,131,6005.txt,131.txt
6006,132,6006.txt,132.txt
6007,133,6007.txt,133.txt
6008,134,6008.txt,134.txt
6009,135,6009.txt,135.txt
6010,136,6010.txt,136.txt
6011,137,6011.txt,137.txt
6012,138,6012.txt,138.txt
6013,139,6013.txt,139.txt
6014,140,6014.txt,140.txt
6015,141,6015.txt,141.txt
6016,142,6016.txt,142.txt
6017,143,6017.txt,143.txt
6018,144,6018.txt,144.txt
6019,145,6019.txt,145.txt
6020,146,6020.txt,146.txt
6021,147,6021.txt,147.txt
6022,148,6022.txt,148.txt
6023,149,6023.txt,149.txt
6024,150,6024.txt,150.txt
6025,151,6025.txt,151.txt
6026,152,6026.txt,152.txt
6027,153,6027.txt,153.txt
6028,154,6028.txt,154.txt
6029,155,6029.txt,155.txt
6030,156,6030.txt,156.txt
6031,157,6031.txt,157.txt
6032,158,6032.txt,158.txt
6033,159,6033.txt,159.txt
6034,160,6034.txt,160.txt
6035,161,6035.txt,161.txt
6036,162,6036.txt,162.txt
6037,163,6037.txt,163.txt
6038,164,6038.txt,164.txt
6039,165,6039.txt,165.txt
6040,166,6040.txt,166.txt
6041,167,6041.txt,167.txt
6042,168,6042.txt,168.txt
7001,169,7001.txt,169.txt
7002,170,7002.txt,170.txt
7003,171,7003.txt,171.txt
7004,172,7004.txt,172.txt
7005,173,7005.txt,173.txt
7006,174,7006.txt,174.txt
7007,175,7007.txt,175.txt
7008,176,7008.txt,176.txt
7009,177,7009.txt,177.txt
7010,178,7010.txt,178.txt
7011,179,7011.txt,179.txt
7012,180,7012.txt,180.txt
7013,181,7013.txt,181.txt
7014,182,7014.txt,182.txt
7015,183,7015.txt,183.txt
7016,184,7016.txt,184.txt
7500,185,7500.txt,185.txt
7501,186,7501.txt,186.txt
7502,187,7502.txt,187.txt
7503,188,7503.txt,188.txt
7504,189,7504.txt,189.txt
7505,190,7505.txt,190.txt
7506,191,7506.txt,191.txt
7507,192,7507.txt,192.txt
7510,193,7510.txt,193.txt
7511,194,7511.txt,194.txt
7512,195,7512.txt,195.txt
7513,196,7513.txt,196.txt
7514,197,7514.txt,197.txt
7515,198,7515.txt,198.txt
7516,199,7516.txt,199.txt
7517,200,7517.txt,200.txt
7518,201,7518.txt,201.txt
7519,202,7519.txt,202.txt
7520,203,7520.txt,203.txt
7521,204,7521.txt,204.txt
7522,205,7522.txt,205.txt
7523,206,7523.txt,206.txt
7524,207,7524.txt,207.txt
7525,208,7525.txt,208.txt
7526,209,7526.txt,209.txt
7527,210,7527.txt,210.txt
7528,211,7528.txt,211.txt
7529,212,7529.txt,212.txt
7530,213,7530.txt,213.txt
7531,214,7531.txt,214.txt
7532,215,7532.txt,215.txt
7533,216,7533.txt,216.txt
7534,217,7534.txt,217.txt
7535,218,7535.txt,218.txt
7536,219,7536.txt,219.txt
7537,220,7537.txt,220.txt
7600,221,7600.txt,221.txt
7601,222,7601.txt,222.txt
7602,223,7602.txt,223.txt
7603,224,7603.txt,224.txt
7604,225,7604.txt,225.txt
7605,226,7605.txt,226.txt
7606,227,7606.txt,227.txt
7607,228,7607.txt,228.txt
7608,229,7608.txt,229.txt
7609,230,7609.txt,230.txt
7610,231,7610.txt,231.txt
7611,232,7611.txt,232.txt
7612,233,7612.txt,233.txt
7613,234,7613.txt,234.txt
7614,235,7614.txt,235.txt
7615,236,7615.txt,236.txt
7616,237,7616.txt,237.txt
7617,238,7617.txt,238.txt
7618,239,7618.txt,239.txt
7619,240,7619.txt,240.txt
7620,241,7620.txt,241.txt
7621,242,7621.txt,242.txt
7622,243,7622.txt,243.txt
7623,244,7623.txt,244.txt
7624,245,7624.txt,245.txt
7625,246,7625.txt,246.txt
7626,247,7626.txt,247.txt
7627,248,7627.txt,248.txt
7628,249,7628.txt,249.txt
7629,250,7629.txt,250.txt
7630,251,7630.txt,251.txt
7631,252,7631.txt,252.txt
7632,253,7632.txt,253.txt
7633,254,7633.txt,254.txt
7634,255,7634.txt,255.txt
